Title,Author,Rating,Date Completed,Get Cover Image,Cover Image,Currently Reading,Genre,Topic,Notes,Date Started
Crossroads,"Franzen, Jonathan",5,12/31/2021,https://airtable.com/tblFKk2Z5THzqPENb/reciOeGzJ10Z40P6W?blocks=bliATv69IO4BqYexJ,https://i.gr-assets.com/images/S/compressed.photo.goodreads.com/books/1617877772l/55881796._SY475_.jpg,,,,,
East of Eden,John Steinbeck,5,1/1/2014,https://airtable.com/tblFKk2Z5THzqPENb/recN6d2EBsZEMqJ0F?blocks=bliATv69IO4BqYexJ,https://i.gr-assets.com/images/S/compressed.photo.goodreads.com/books/1639969375l/4406.jpg,,,,,
"Endure: Mind, Body, and the Curiously Elastic Limits of Human Performance",Alex Hutchinson,5,9/5/2022,https://airtable.com/tblFKk2Z5THzqPENb/recL8ZlsvPbhBUGoD?blocks=bliATv69IO4BqYexJ,https://i.gr-assets.com/images/S/compressed.photo.goodreads.com/books/1533053130l/41014339._SY475_.jpg,,,,,
The Rise of Theodore Roosevelt,"Morris, Edmund",5,10/28/2021,https://airtable.com/tblFKk2Z5THzqPENb/recBkx0dlJ1fLRnYp?blocks=bliATv69IO4BqYexJ,https://i.gr-assets.com/images/S/compressed.photo.goodreads.com/books/1586402749l/40929._SY475_.jpg,,,,,
1776,"McCullough, David",4,12/25/2020,https://airtable.com/tblFKk2Z5THzqPENb/recA4n0VmRMtYYFem?blocks=bliATv69IO4BqYexJ,,,,,,
1984,"Orwell, George",4,4/14/2015,https://airtable.com/tblFKk2Z5THzqPENb/recIBvCXJqDZLV2xx?blocks=bliATv69IO4BqYexJ,,,,,,
A Clockwork Orange,"Burgess, Anthony",4,4/14/2015,https://airtable.com/tblFKk2Z5THzqPENb/recYO1U0bYOBHWjFI?blocks=bliATv69IO4BqYexJ,,,,,,
A Farewell to Arms,"Hemingway, Ernest",4,4/14/2015,https://airtable.com/tblFKk2Z5THzqPENb/recF81zDX16atye5x?blocks=bliATv69IO4BqYexJ,,,,,,
A Gentleman in Moscow,"Towles, Amor *",4,4/14/2015,https://airtable.com/tblFKk2Z5THzqPENb/recMdaj1QIkbBJzCX?blocks=bliATv69IO4BqYexJ,,,,,,
A People's History of the United States,"Zinn, Howard",4,4/14/2015,https://airtable.com/tblFKk2Z5THzqPENb/recI0U7x7jedWQ3Zc?blocks=bliATv69IO4BqYexJ,,,,,,
A Scanner Darkly,"Dick, Philip K.",4,4/14/2015,https://airtable.com/tblFKk2Z5THzqPENb/rec8OmLqZ4DM2YqSw?blocks=bliATv69IO4BqYexJ,,,,,,
A Short History of Reconstruction [Updated Edition],"Foner, Eric",4,4/14/2015,https://airtable.com/tblFKk2Z5THzqPENb/recQatCIfWiJ3KEX4?blocks=bliATv69IO4BqYexJ,,,,,,
A Supposedly Fun Thing I'll Never Do Again: Essays and Arguments,"Wallace, David Foster",4,4/14/2015,https://airtable.com/tblFKk2Z5THzqPENb/rec3D3w5U3zhQCx0i?blocks=bliATv69IO4BqYexJ,,,,,,
"A Wrinkle in Time (A Wrinkle in Time Quintet, #1)","L'Engle, Madeleine",4,4/14/2015,https://airtable.com/tblFKk2Z5THzqPENb/recu7slKKJvnbvBMD?blocks=bliATv69IO4BqYexJ,,,,,,
All Quiet on the Western Front,"Remarque, Erich Maria",4,4/14/2015,https://airtable.com/tblFKk2Z5THzqPENb/recT2JnuK2tVXJJXp?blocks=bliATv69IO4BqYexJ,,,,,,
All the Light We Cannot See,"Doerr, Anthony *",4,4/14/2015,https://airtable.com/tblFKk2Z5THzqPENb/recMosJSngNbZJ8Ls?blocks=bliATv69IO4BqYexJ,,,,,,
Amazon Unbound: Jeff Bezos and the Invention of a Global Empire,"Stone, Brad *",4,7/6/2021,https://airtable.com/tblFKk2Z5THzqPENb/recwj6vrSYol7UnvQ?blocks=bliATv69IO4BqYexJ,,,,,,
Animal Farm,"Orwell, George",4,4/14/2015,https://airtable.com/tblFKk2Z5THzqPENb/recSepHdFMXupUGan?blocks=bliATv69IO4BqYexJ,,,,,,
Arguably: Selected Essays,"Hitchens, Christopher",4,4/14/2015,https://airtable.com/tblFKk2Z5THzqPENb/rec8p97KsHX1l18AQ?blocks=bliATv69IO4BqYexJ,,,,,,
Between the World and Me,"Coates, Ta-Nehisi",4,7/10/2020,https://airtable.com/tblFKk2Z5THzqPENb/recy7FxcuriVoW08x?blocks=bliATv69IO4BqYexJ,,,,,,
Billy Lynn's Long Halftime Walk,"Fountain, Ben",4,4/14/2015,https://airtable.com/tblFKk2Z5THzqPENb/recHMp1PXVLBESCpM?blocks=bliATv69IO4BqYexJ,,,,,,
"Black Edge: Inside Information, Dirty Money, and the Quest to Bring Down the Most Wanted Man on Wall Street","Kolhatkar, Sheelah *",4,2/28/2021,https://airtable.com/tblFKk2Z5THzqPENb/recHac3smdlAQqmnb?blocks=bliATv69IO4BqYexJ,,,,,,
"Blood Meridian, or the Evening Redness in the West","McCarthy, Cormac",4,4/14/2015,https://airtable.com/tblFKk2Z5THzqPENb/recFxEBZ8ay5YTBD2?blocks=bliATv69IO4BqYexJ,,,,,,
Boomerang: Travels in the New Third World,"Lewis, Michael",4,4/14/2015,https://airtable.com/tblFKk2Z5THzqPENb/recWau54UBt9BRzUu?blocks=bliATv69IO4BqYexJ,,,,,,
Brave New World,"Huxley, Aldous",4,4/14/2015,https://airtable.com/tblFKk2Z5THzqPENb/recANdJBZ7OavqTMC?blocks=bliATv69IO4BqYexJ,,,,,,
Buffalo for the Broken Heart: Restoring Life to a Black Hills Ranch,"O'Brien, Dan",4,9/8/2021,https://airtable.com/tblFKk2Z5THzqPENb/recBPLRdfl7v1vz3I?blocks=bliATv69IO4BqYexJ,,,,,,
But What If We're Wrong? Thinking About the Present As If It Were the Past,"Klosterman, Chuck",4,4/14/2015,https://airtable.com/tblFKk2Z5THzqPENb/recJe0Is5793TPZpH?blocks=bliATv69IO4BqYexJ,,,,,,
Cat's Cradle,"Vonnegut Jr., Kurt",4,4/14/2015,https://airtable.com/tblFKk2Z5THzqPENb/recEUMcKCcnQyr4jB?blocks=bliATv69IO4BqYexJ,,,,,,
Catch-22,"Heller, Joseph",4,4/14/2015,https://airtable.com/tblFKk2Z5THzqPENb/rec4NLjUL0sqyMNOf?blocks=bliATv69IO4BqYexJ,,,,,,
Chaos Monkeys: Obscene Fortune and Random Failure in Silicon Valley,"García Martínez, Antonio",4,4/14/2015,https://airtable.com/tblFKk2Z5THzqPENb/rec1Bx9JJKqQAYyJs?blocks=bliATv69IO4BqYexJ,,,,,,
Cosmos,"Sagan, Carl",4,4/14/2015,https://airtable.com/tblFKk2Z5THzqPENb/recClkJqg4AaBhvdf?blocks=bliATv69IO4BqYexJ,,,,,,
Do Androids Dream of Electric Sheep?,"Dick, Philip K.",4,4/14/2015,https://airtable.com/tblFKk2Z5THzqPENb/rec3b3zgJ3yXwvDyT?blocks=bliATv69IO4BqYexJ,,,,,,
"Dopesick: Dealers, Doctors, and the Drug Company that Addicted America","Macy, Beth *",4,12/28/2021,https://airtable.com/tblFKk2Z5THzqPENb/rec0Elces64RVhnlC?blocks=bliATv69IO4BqYexJ,,,,,,
Downtown Owl,"Klosterman, Chuck",4,4/14/2015,https://airtable.com/tblFKk2Z5THzqPENb/recYxdbXtSaYGSyzv?blocks=bliATv69IO4BqYexJ,,,,,,
Drive: The Surprising Truth About What Motivates Us,"Pink, Daniel H. *",4,4/14/2015,https://airtable.com/tblFKk2Z5THzqPENb/recFrTHO5KQLY55fs?blocks=bliATv69IO4BqYexJ,,,,,,
Eating the Dinosaur,"Klosterman, Chuck",4,4/14/2015,https://airtable.com/tblFKk2Z5THzqPENb/recRXjd3I9vSjCZu8?blocks=bliATv69IO4BqYexJ,,,,,,
"Empires of Light: Edison, Tesla, Westinghouse, and the Race to Electrify the World","Jonnes, Jill",4,4/14/2015,https://airtable.com/tblFKk2Z5THzqPENb/recvx8GdZqilzEmuu?blocks=bliATv69IO4BqYexJ,,,,,,
"Ender’s Game (Ender's Saga, #1)","Card, Orson Scott",4,4/14/2015,https://airtable.com/tblFKk2Z5THzqPENb/recZuUZTyXzYlbKPN?blocks=bliATv69IO4BqYexJ,,,,,,
"Enlightenment Now: The Case for Reason, Science, Humanism, and Progress","Pinker, Steven *",4,4/14/2015,https://airtable.com/tblFKk2Z5THzqPENb/recFGWoBs1vs4Gp2C?blocks=bliATv69IO4BqYexJ,,,,,,
Fahrenheit 451,"Bradbury, Ray",4,4/14/2015,https://airtable.com/tblFKk2Z5THzqPENb/rec0V7qID0Ptkle7t?blocks=bliATv69IO4BqYexJ,,,,,,
Fargo Rock City: A Heavy Metal Odyssey in Rural North Dakota,"Klosterman, Chuck",4,4/14/2015,https://airtable.com/tblFKk2Z5THzqPENb/rec7KiJxYTa0ZrmXV?blocks=bliATv69IO4BqYexJ,,,,,,
Flash Boys: A Wall Street Revolt,"Lewis, Michael",4,4/14/2015,https://airtable.com/tblFKk2Z5THzqPENb/rec95TEYEj9iawJML?blocks=bliATv69IO4BqYexJ,,,,,,
Freakonomics: A Rogue Economist Explores the Hidden Side of Everything,"Levitt, Steven D.",4,4/14/2015,https://airtable.com/tblFKk2Z5THzqPENb/recJCZI0I0NORnD5p?blocks=bliATv69IO4BqYexJ,,,,,,
Freedom,"Franzen, Jonathan",4,4/14/2015,https://airtable.com/tblFKk2Z5THzqPENb/recIfqiksrlCWAx5j?blocks=bliATv69IO4BqYexJ,,,,,,
God Is Not Great: How Religion Poisons Everything,"Hitchens, Christopher",4,4/14/2015,https://airtable.com/tblFKk2Z5THzqPENb/recqjBha7CcOZrRhJ?blocks=bliATv69IO4BqYexJ,,,,,,
"Guns, Germs, and Steel: The Fates of Human Societies","Diamond, Jared",4,4/14/2015,https://airtable.com/tblFKk2Z5THzqPENb/recAW9TXzdeGbGQmT?blocks=bliATv69IO4BqYexJ,,,,,,
High Output Management,"Grove, Andrew S.",4,4/14/2015,https://airtable.com/tblFKk2Z5THzqPENb/recftCLNPyN2UTghv?blocks=bliATv69IO4BqYexJ,,,,,,
Hillbilly Elegy: A Memoir of a Family and Culture in Crisis,"Vance, J.D.",4,1/30/2017,https://airtable.com/tblFKk2Z5THzqPENb/recUcccmSo0fHbsKc?blocks=bliATv69IO4BqYexJ,,,,,,
Homo Deus: A Brief History of Tomorrow,"Harari, Yuval Noah",4,4/14/2015,https://airtable.com/tblFKk2Z5THzqPENb/rechKBrJx4PssjYfU?blocks=bliATv69IO4BqYexJ,,,,,,
How I Raised Myself From Failure to Success in Selling,"Bettger, Frank",4,4/14/2015,https://airtable.com/tblFKk2Z5THzqPENb/rec2BYasPKjYpHcdx?blocks=bliATv69IO4BqYexJ,,,,,,
How to Be Alone,"Franzen, Jonathan",4,4/14/2015,https://airtable.com/tblFKk2Z5THzqPENb/rec4ltQKK4d4Dfezk?blocks=bliATv69IO4BqYexJ,,,,,,
I Wear the Black Hat: Grappling With Villains,"Klosterman, Chuck",4,4/14/2015,https://airtable.com/tblFKk2Z5THzqPENb/recp644IhEg9lXt5p?blocks=bliATv69IO4BqYexJ,,,,,,
Imagine: How Creativity Works,"Lehrer, Jonah *",4,4/14/2015,https://airtable.com/tblFKk2Z5THzqPENb/recU5FkeR1R96iixr?blocks=bliATv69IO4BqYexJ,,,,,,
"In the Plex: How Google Thinks, Works, and Shapes Our Lives","Levy, Steven *",4,10/28/2021,https://airtable.com/tblFKk2Z5THzqPENb/rece9G5TG0N0kwzTT?blocks=bliATv69IO4BqYexJ,,,,,,
"Inferno (Robert Langdon, #4)","Brown, Dan *",4,4/14/2015,https://airtable.com/tblFKk2Z5THzqPENb/recO4eO1SSUs8hEP8?blocks=bliATv69IO4BqYexJ,,,,,,
Infinite Jest,"Wallace, David Foster",4,4/14/2015,https://airtable.com/tblFKk2Z5THzqPENb/recRG6MYXuv3Vi8CS?blocks=bliATv69IO4BqYexJ,,,,,,
Island,"Huxley, Aldous",4,4/14/2015,https://airtable.com/tblFKk2Z5THzqPENb/recVmTwGP7KOTLcrc?blocks=bliATv69IO4BqYexJ,,,,,,
Killing Yourself to Live: 85% of a True Story,"Klosterman, Chuck",4,4/14/2015,https://airtable.com/tblFKk2Z5THzqPENb/recUJIgBfmDGxPqgR?blocks=bliATv69IO4BqYexJ,,,,,,
Kurt Vonnegut's Cat's Cradle,"Bloom, Harold",4,4/14/2015,https://airtable.com/tblFKk2Z5THzqPENb/recuSsZTNxPB59u1h?blocks=bliATv69IO4BqYexJ,,,,,,
Liar's Poker,"Lewis, Michael",4,4/14/2015,https://airtable.com/tblFKk2Z5THzqPENb/rec60SrFmeqAAx0Gk?blocks=bliATv69IO4BqYexJ,,,,,,
Lolita,"Nabokov, Vladimir",4,4/14/2015,https://airtable.com/tblFKk2Z5THzqPENb/rec4OB1ErlgObRt0m?blocks=bliATv69IO4BqYexJ,,,,,,
Lord of the Flies,"Golding, William",4,4/14/2015,https://airtable.com/tblFKk2Z5THzqPENb/recMmPvj2wJkcB5UD?blocks=bliATv69IO4BqYexJ,,,,,,
Mortality,"Hitchens, Christopher",4,4/14/2015,https://airtable.com/tblFKk2Z5THzqPENb/rec7CILRkiXlCvJWi?blocks=bliATv69IO4BqYexJ,,,,,,
Of Mice and Men,"Steinbeck, John",4,4/14/2015,https://airtable.com/tblFKk2Z5THzqPENb/rec1JHGiDbQ80DK9S?blocks=bliATv69IO4BqYexJ,,,,,,
On the Road,"Kerouac, Jack",4,4/14/2015,https://airtable.com/tblFKk2Z5THzqPENb/recAtDEcwUvmmsgt0?blocks=bliATv69IO4BqYexJ,,,,,,
Outliers: The Story of Success,"Gladwell, Malcolm",4,4/14/2015,https://airtable.com/tblFKk2Z5THzqPENb/recuVFS72AsjFm4d3?blocks=bliATv69IO4BqYexJ,,,,,,
Predictable Revenue: Turn Your Business Into a Sales Machine with the $100 Million Best Practices of Salesforce.com,"Ross, Aaron",4,4/14/2015,https://airtable.com/tblFKk2Z5THzqPENb/recW0Ezo6Onat1XFn?blocks=bliATv69IO4BqYexJ,,,,,,
Purity,"Franzen, Jonathan",4,4/14/2015,https://airtable.com/tblFKk2Z5THzqPENb/recCNnAzNRY02igNy?blocks=bliATv69IO4BqYexJ,,,,,,
Raised in Captivity: Fictional Nonfiction,"Klosterman, Chuck",4,4/14/2015,https://airtable.com/tblFKk2Z5THzqPENb/recqwKw6vMbLUdbk5?blocks=bliATv69IO4BqYexJ,,,,,,
Redeployment,"Klay, Phil *",4,4/14/2015,https://airtable.com/tblFKk2Z5THzqPENb/recIy1BM3wLpG6X56?blocks=bliATv69IO4BqYexJ,,,,,,
Sapiens: A Brief History of Humankind,"Harari, Yuval Noah",4,10/28/2021,https://airtable.com/tblFKk2Z5THzqPENb/recdETAWHiWZVt0wF?blocks=bliATv69IO4BqYexJ,,,,,,
Secrets of Sand Hill Road: Venture Capital and How to Get It,"Kupor, Scott",4,4/14/2015,https://airtable.com/tblFKk2Z5THzqPENb/recuBbQwGumXwBbQk?blocks=bliATv69IO4BqYexJ,,,,,,
"Sex, Drugs, and Cocoa Puffs: A Low Culture Manifesto","Klosterman, Chuck",4,4/14/2015,https://airtable.com/tblFKk2Z5THzqPENb/recMWUc3X28G7ggut?blocks=bliATv69IO4BqYexJ,,,,,,
Slaughterhouse-Five,"Vonnegut Jr., Kurt",4,4/14/2015,https://airtable.com/tblFKk2Z5THzqPENb/recT3t7un8tNdT4T6?blocks=bliATv69IO4BqYexJ,,,,,,
So You've Been Publicly Shamed,"Ronson, Jon",4,5/13/2015,https://airtable.com/tblFKk2Z5THzqPENb/reccxN2JcaCjz5dVg?blocks=bliATv69IO4BqYexJ,,,,,,
Speed & Scale: An Action Plan for Solving Our Climate Crisis Now,"Doerr, John",4,4/14/2015,https://airtable.com/tblFKk2Z5THzqPENb/recstcXpOSMTobLlA?blocks=bliATv69IO4BqYexJ,,,,,,
Spiral,"McEuen, Paul *",4,4/14/2015,https://airtable.com/tblFKk2Z5THzqPENb/rec9dcA8YVjd9GUyq?blocks=bliATv69IO4BqYexJ,,,,,,
Stoner,"Williams, John",4,4/14/2015,https://airtable.com/tblFKk2Z5THzqPENb/receOwxWUp1xvZZ5y?blocks=bliATv69IO4BqYexJ,,,,,,
"SuperFreakonomics: Global Cooling, Patriotic Prostitutes And Why Suicide Bombers Should Buy Life Insurance","Levitt, Steven D.",4,4/14/2015,https://airtable.com/tblFKk2Z5THzqPENb/recVedSINbR3mVOuB?blocks=bliATv69IO4BqYexJ,,,,,,
Suttree,"McCarthy, Cormac",4,4/14/2015,https://airtable.com/tblFKk2Z5THzqPENb/reczBb04acAYV7f2E?blocks=bliATv69IO4BqYexJ,,,,,,
The Adventures of Huckleberry Finn,"Twain, Mark",4,4/14/2015,https://airtable.com/tblFKk2Z5THzqPENb/rechibFXMOGAxXHrB?blocks=bliATv69IO4BqYexJ,,,,,,
The Adventures of Tom Sawyer,"Twain, Mark",4,4/14/2015,https://airtable.com/tblFKk2Z5THzqPENb/recDztF70SxkX7xbq?blocks=bliATv69IO4BqYexJ,,,,,,
The Alchemist,"Coelho, Paulo *",4,4/14/2015,https://airtable.com/tblFKk2Z5THzqPENb/recD0kuTv17CHJAxz?blocks=bliATv69IO4BqYexJ,,,,,,
The Big Picture: The Fight for the Future of Movies,"Fritz, Ben *",4,11/2/2020,https://airtable.com/tblFKk2Z5THzqPENb/recnraUK6ePIigCWY?blocks=bliATv69IO4BqYexJ,,,,,,
The Big Short: Inside the Doomsday Machine,"Lewis, Michael",4,4/14/2015,https://airtable.com/tblFKk2Z5THzqPENb/recm7WgeH2x7A5QVu?blocks=bliATv69IO4BqYexJ,,,,,,
The Book of Basketball: The NBA According to The Sports Guy,"Simmons, Bill",4,4/14/2015,https://airtable.com/tblFKk2Z5THzqPENb/rec9DPr1R0GFoNQdw?blocks=bliATv69IO4BqYexJ,,,,,,
The Boys in the Boat: Nine Americans and Their Epic Quest for Gold at the 1936 Berlin Olympics,"Brown, Daniel James *",4,4/14/2015,https://airtable.com/tblFKk2Z5THzqPENb/recBCoB5GgnGD8fsz?blocks=bliATv69IO4BqYexJ,,,,,,
The Catcher in the Rye,"Salinger, J.D.",4,4/14/2015,https://airtable.com/tblFKk2Z5THzqPENb/recLZFyBTKv2SzKzj?blocks=bliATv69IO4BqYexJ,,,,,,
The Corrections,"Franzen, Jonathan",4,4/14/2015,https://airtable.com/tblFKk2Z5THzqPENb/recDug5saxbEpRo8W?blocks=bliATv69IO4BqYexJ,,,,,,
"The Da Vinci Code (Robert Langdon, #2)","Brown, Dan *",4,4/14/2015,https://airtable.com/tblFKk2Z5THzqPENb/rec27u06R6eYBILiI?blocks=bliATv69IO4BqYexJ,,,,,,
The Debt Trap: How Student Loans Became a National Catastrophe,Josh Mitchell,4,8/2/2022,https://airtable.com/tblFKk2Z5THzqPENb/rech48k7QOJWioYvm?blocks=bliATv69IO4BqYexJ,,,,,,
The Design of Everyday Things,"Norman, Donald A.",4,4/14/2015,https://airtable.com/tblFKk2Z5THzqPENb/recXqjSGIUZFFT9T2?blocks=bliATv69IO4BqYexJ,,,,,,
The Divine Within: Selected Writings on Enlightenment,"Huxley, Aldous",4,4/14/2015,https://airtable.com/tblFKk2Z5THzqPENb/recewEvvfOUXouArj?blocks=bliATv69IO4BqYexJ,,,,,,
The Doors of Perception,"Huxley, Aldous",4,4/14/2015,https://airtable.com/tblFKk2Z5THzqPENb/recImS778arF42ufA?blocks=bliATv69IO4BqYexJ,,,,,,
The Goldfinch,"Tartt, Donna",4,4/14/2015,https://airtable.com/tblFKk2Z5THzqPENb/recECumcRmdc0Z2xs?blocks=bliATv69IO4BqYexJ,,,,,,
The Grapes of Wrath,"Steinbeck, John",4,4/14/2015,https://airtable.com/tblFKk2Z5THzqPENb/recRZmUMU65GxWrm9?blocks=bliATv69IO4BqYexJ,,,,,,
The Great Gatsby,"Fitzgerald, F. Scott",4,4/14/2015,https://airtable.com/tblFKk2Z5THzqPENb/recyeu73a9XtoafmA?blocks=bliATv69IO4BqYexJ,,,,,,
The Hard Thing About Hard Things: Building a Business When There Are No Easy Answers,"Horowitz, Ben *",4,4/14/2015,https://airtable.com/tblFKk2Z5THzqPENb/recfBk8WoHNblPmCX?blocks=bliATv69IO4BqYexJ,,,,,,
"The Hobbit (The Lord of the Rings, #0)","Tolkien, J.R.R.",4,4/14/2015,https://airtable.com/tblFKk2Z5THzqPENb/recvNFsCN9E8Q96Tk?blocks=bliATv69IO4BqYexJ,,,,,,
The Lessons of History,"Durant, Will",4,7/27/2022,https://airtable.com/tblFKk2Z5THzqPENb/recCBL52y08UVnb5M?blocks=bliATv69IO4BqYexJ,,,,,,
The Man Who Solved the Market: How Jim Simons Launched the Quant Revolution,"Zuckerman, Gregory *",4,10/28/2021,https://airtable.com/tblFKk2Z5THzqPENb/recZA4cYgydAyILmV?blocks=bliATv69IO4BqYexJ,,,,,,
The Martian,"Weir, Andy *",4,4/14/2015,https://airtable.com/tblFKk2Z5THzqPENb/recafrRUULemTcmlH?blocks=bliATv69IO4BqYexJ,,,,,,
The Metamorphosis,"Kafka, Franz",4,4/14/2015,https://airtable.com/tblFKk2Z5THzqPENb/recaoZJVXEyVJpqTt?blocks=bliATv69IO4BqYexJ,,,,,,
The Nineties: A Book,"Klosterman, Chuck",4,5/3/2022,https://airtable.com/tblFKk2Z5THzqPENb/recI5WW4d8n4f2IsY?blocks=bliATv69IO4BqYexJ,,,,,,
The Old Man and the Sea,"Hemingway, Ernest",4,4/14/2015,https://airtable.com/tblFKk2Z5THzqPENb/recNga5tuRuENIwGK?blocks=bliATv69IO4BqYexJ,,,,,,
The Omnivore's Dilemma: A Natural History of Four Meals,"Pollan, Michael *",4,4/14/2015,https://airtable.com/tblFKk2Z5THzqPENb/recJOD5UTOvtFC9CP?blocks=bliATv69IO4BqYexJ,,,,,,
The Overstory,"Powers, Richard",4,10/28/2021,https://airtable.com/tblFKk2Z5THzqPENb/recX7VeKgofyO6p5M?blocks=bliATv69IO4BqYexJ,,,,,,
The Perennial Philosophy,"Huxley, Aldous",4,4/14/2015,https://airtable.com/tblFKk2Z5THzqPENb/recvTC1SzZQgEuzEJ?blocks=bliATv69IO4BqYexJ,,,,,,
The Power of Habit: Why We Do What We Do in Life and Business,"Duhigg, Charles *",4,4/14/2015,https://airtable.com/tblFKk2Z5THzqPENb/rect2mH3k5wCLMupX?blocks=bliATv69IO4BqYexJ,,,,,,
"The Psychology of Money: Timeless lessons on wealth, greed, and happiness","Housel, Morgan",4,1/7/2021,https://airtable.com/tblFKk2Z5THzqPENb/recCkKvPoabhfBqO7?blocks=bliATv69IO4BqYexJ,,,,,,
The Right Stuff,"Wolfe, Tom",4,8/15/2021,https://airtable.com/tblFKk2Z5THzqPENb/recx2ngYlXvrSx8If?blocks=bliATv69IO4BqYexJ,,,,,,
The Righteous Mind: Why Good People are Divided by Politics and Religion,"Haidt, Jonathan",4,4/14/2015,https://airtable.com/tblFKk2Z5THzqPENb/recGWUL0iraLTRhOx?blocks=bliATv69IO4BqYexJ,,,,,,
The Tempest,"Shakespeare, William",4,4/14/2015,https://airtable.com/tblFKk2Z5THzqPENb/rec6ces5ysHEqoQNy?blocks=bliATv69IO4BqYexJ,,,,,,
The Visible Man,"Klosterman, Chuck",4,4/14/2015,https://airtable.com/tblFKk2Z5THzqPENb/recntR5UZGizHzJqI?blocks=bliATv69IO4BqYexJ,,,,,,
The War of the Worlds,"Wells, H.G.",4,4/14/2015,https://airtable.com/tblFKk2Z5THzqPENb/recuDbCtNNEruaFMt?blocks=bliATv69IO4BqYexJ,,,,,,
The Yellow Birds,"Powers, Kevin",4,4/14/2015,https://airtable.com/tblFKk2Z5THzqPENb/reckyywYPoNVRiawf?blocks=bliATv69IO4BqYexJ,,,,,,
"Thinking, Fast and Slow","Kahneman, Daniel",4,4/14/2015,https://airtable.com/tblFKk2Z5THzqPENb/recw7ZvjeTFtwJfIN?blocks=bliATv69IO4BqYexJ,,,,,,
To Kill a Mockingbird,"Lee, Harper",4,4/14/2015,https://airtable.com/tblFKk2Z5THzqPENb/recy4Sj5xkQd3nlrx?blocks=bliATv69IO4BqYexJ,,,,,,
Travels with Charley: In Search of America,"Steinbeck, John",4,4/14/2015,https://airtable.com/tblFKk2Z5THzqPENb/reco5Ghqz5SiP6ga4?blocks=bliATv69IO4BqYexJ,,,,,,
Treasure Island,"Stevenson, Robert Louis",4,4/14/2015,https://airtable.com/tblFKk2Z5THzqPENb/recf8gizhP7bDZZvG?blocks=bliATv69IO4BqYexJ,,,,,,
"Unbroken: A World War II Story of Survival, Resilience and Redemption","Hillenbrand, Laura",4,4/14/2015,https://airtable.com/tblFKk2Z5THzqPENb/rec5NWldyyEfVAepQ?blocks=bliATv69IO4BqYexJ,,,,,,
What If?: Serious Scientific Answers to Absurd Hypothetical Questions,"Munroe, Randall *",4,4/14/2015,https://airtable.com/tblFKk2Z5THzqPENb/recOHcdzO8KjpeA86?blocks=bliATv69IO4BqYexJ,,,,,,
When Breath Becomes Air,"Kalanithi, Paul",4,4/14/2015,https://airtable.com/tblFKk2Z5THzqPENb/recvQWNmrbEhXZFuS?blocks=bliATv69IO4BqYexJ,,,,,,
Why We Sleep,Matthew Walker,4,1/10/2023,https://airtable.com/tblFKk2Z5THzqPENb/recZhR3gfKQNvkwzO?blocks=bliATv69IO4BqYexJ,https://i.gr-assets.com/images/S/compressed.photo.goodreads.com/books/1556604137l/34466963._SY475_.jpg,checked,Health & Wellness,Mental and Physical Health,mentioned by huberman was also guest,
A Wrestling Life: The Inspiring Stories of Dan Gable,"Gable, Dan",3,10/24/2020,https://airtable.com/tblFKk2Z5THzqPENb/recf1SSat2mzGltaN?blocks=bliATv69IO4BqYexJ,,,,,,
"Elon Musk: Tesla, SpaceX, and the Quest for a Fantastic Future","Vance, Ashlee *",3,1/10/2017,https://airtable.com/tblFKk2Z5THzqPENb/rechVEH0hl0aiRBRL?blocks=bliATv69IO4BqYexJ,,,,,,
Man's Search for Meaning,"Frankl, Viktor E.",3,10/24/2020,https://airtable.com/tblFKk2Z5THzqPENb/recdtwXedWqM9rKNo?blocks=bliATv69IO4BqYexJ,,,,,,
"Measure What Matters: How Google, Bono, and the Gates Foundation Rock the World with OKRs","Doerr, John",3,10/28/2021,https://airtable.com/tblFKk2Z5THzqPENb/recMGQ8pVIvlopMJ9?blocks=bliATv69IO4BqYexJ,,,,,,
Ogilvy on Advertising,"Ogilvy, David",3,2/6/2016,https://airtable.com/tblFKk2Z5THzqPENb/reclFSIonRU2P7DMR?blocks=bliATv69IO4BqYexJ,,,,,,
Path Between Two Seas,David McCullough,3,1/17/2023,https://airtable.com/tblFKk2Z5THzqPENb/recoky5vcIIOzgmSS?blocks=bliATv69IO4BqYexJ,https://i.gr-assets.com/images/S/compressed.photo.goodreads.com/books/1388197198l/2372.jpg,checked,History,Personal Interest - History,ties into theme of great american works,1/2/2023
Survivor,"Palahniuk, Chuck *",3,8/11/2015,https://airtable.com/tblFKk2Z5THzqPENb/recwed9AYVht2kFau?blocks=bliATv69IO4BqYexJ,,,,,,
The Black Swan: The Impact of the Highly Improbable,"Taleb, Nassim Nicholas *",3,12/31/2021,https://airtable.com/tblFKk2Z5THzqPENb/rec4bbRyjrNSO6gcb?blocks=bliATv69IO4BqYexJ,,,,,,
The Infinite Machine: How an Army of Crypto-hackers Is Building the Next Internet with Ethereum,"Russo, Camila *",3,1/25/2022,https://airtable.com/tblFKk2Z5THzqPENb/recwsq3hkpgJEHhB5?blocks=bliATv69IO4BqYexJ,,,,,,
The Lean Startup: How Today's Entrepreneurs Use Continuous Innovation to Create Radically Successful Businesses,"Ries, Eric *",3,1/20/2017,https://airtable.com/tblFKk2Z5THzqPENb/recNHqcWUfvTfZWyc?blocks=bliATv69IO4BqYexJ,,,,,,
The New New Thing: A Silicon Valley Story,"Lewis, Michael",3,10/28/2021,https://airtable.com/tblFKk2Z5THzqPENb/rec4PtfQub2eG4Ry4?blocks=bliATv69IO4BqYexJ,,,,,,
The Obesity Code: Unlocking the Secrets of Weight Loss,"Fung, Jason *",3,12/27/2020,https://airtable.com/tblFKk2Z5THzqPENb/recGlZxX0AkWsmXQK?blocks=bliATv69IO4BqYexJ,,,,,,
Venture Deals,Brad Feld,3,12/29/2022,https://airtable.com/tblFKk2Z5THzqPENb/rec38zjxOhOvNXg3W?blocks=bliATv69IO4BqYexJ,https://i.gr-assets.com/images/S/compressed.photo.goodreads.com/books/1551786996l/43728764.jpg,,Business,Fundraising,re-read,1/16/2023
"Zero to One: Notes on Startups, or How to Build the Future","Thiel, Peter",3,1/15/2017,https://airtable.com/tblFKk2Z5THzqPENb/recwhyLlVfDPgYqwQ?blocks=bliATv69IO4BqYexJ,,,,,,
The Undoing Project: A Friendship That Changed Our Minds,"Lewis, Michael",2,1/5/2017,https://airtable.com/tblFKk2Z5THzqPENb/recXnAM3lSb3RKdew?blocks=bliATv69IO4BqYexJ,,,,,,
The Unwinding: An Inner History of the New America,"Packer, George",,4/14/2015,https://airtable.com/tblFKk2Z5THzqPENb/recr6ivZ80Ya3uD81?blocks=bliATv69IO4BqYexJ,,,,,,